age,mean_income
16,5.4714285714285715
17,10.552380952380952
18,22.39047619047619
19,65.37619047619049
20,129.24285714285713
21,146.3095238095238
22,164.0
23,182.3952380952381
24,202.0761904761905
25,224.13809523809522
26,242.61904761904762
27,258.2333333333333
28,271.52857142857147
29,282.8333333333333
30,291.06666666666666
31,297.6047619047619
32,305.7095238095238
33,312.83809523809526
34,319.252380952381
35,327.87619047619046
36,335.7238095238095
37,343.14761904761906
38,354.1714285714286
39,362.8285714285714
40,371.0952380952381
41,379.6714285714286
42,386.147619047619
43,391.447619047619
44,400.34285714285716
45,405.5
46,408.8619047619048
47,414.06666666666666
48,415.0904761904762
49,416.2523809523809
50,411.6190476190476
51,412.3333333333333
52,410.41428571428577
53,413.4619047619048
54,406.95238095238096
55,402.3238095238095
56,399.22380952380956
57,392.8666666666667
58,387.52857142857147
59,382.5761904761905
60,378.51428571428573
61,371.4190476190476
62,372.947619047619
63,364.3619047619047
64,356.0809523809524
65,354.54761904761904
66,342.7095238095238
67,332.1666666666667
68,316.34285714285716
69,307.1714285714286
70,285.87142857142857
71,268.68095238095236
72,259.752380952381
73,254.23809523809524
74,250.2095238095238
75,242.47619047619048
76,237.3904761904762
77,234.99523809523808
78,233.33333333333334
79,225.3095238095238
80,219.43809523809523
81,217.51428571428573
82,214.72857142857143
83,216.6142857142857
84,213.80476190476188
85,210.5095238095238
86,206.06190476190477
87,205.39999999999998
88,204.03333333333333
89,203.94285714285715
90,200.82380952380953
91,199.9238095238095
92,197.02857142857144
93,196.46190476190475
94,192.75714285714287
95,194.1
96,186.75238095238097
97,185.1952380952381
98,182.56666666666666
99,180.84761904761905
100,180.23333333333335
